11 Club,1,PVA 11 Elite (HA),g11pvakc1ha
11 Club,2,MAVS 816 11 National (HA),g11mavse1ha
11 Club,3,Invasion 11-Black (HA),g11invas1ha
11 Club,3,MAVS KC 11 National (HA),g11mavbc2ha
11 Club,5,DYNASTY 11 Blue (HA),g11tmdyn2ha
11 Club,6,MAVS KC 11 Premier (HA),g11mavbc3ha
11 Club,7,DYNASTY 10 Black (HA),g10tmdyn1ha
11 Club,7,MAVS KC Select 10-1 (HA),g10mavsc1ha
11 Club,9,Tville Smash 11U (GW),g11tsmsh1gw
11 Club,10,11U KC Elevate (HA),g11kcele15ha
11 Club,11,KNVBC 11 Mammoth Athletic (HA),g11knvbc1ha
11 Club,11,Summit VC 11 Black (HA),g11summt1ha
11 Club,13,Core STL U11 Navy (GW),g11corsl1gw
11 Club,14,DYNASTY 11 - 3 Stripe (HA),g11tmdyn4ha
11 Club,15,Core STL U11 Carolina (GW),g11corsl2gw
11 Club,15,DYNASTY 11 Adidas (HA),g11tmdyn3ha
12 Club,1,Pohaku 12-1 (HA),g12pohak1ha
12 Club,2,Invasion 12-White (HA),g12invas3ha
12 Club,3,KC Power 12 Martincich (HA),g12power1ha
12 Club,3,KNVBC 12 Topeka Hype (HA),g12knvbc1ha
12 Club,5,Club Net 12 National (DE),g12cnvbc1de
12 Club,5,DYNASTY 11 Black  (HA),g11tmdyn1ha
12 Club,5,FC United 12 Black (GW),g12frcou1gw
12 Club,5,SE Crossfire 12U National (GW),g12secsf1gw
12 Club,9,Freedom 12 Blue (HA),g12freed1ha
12 Club,9,Galaxy 12-1 (HA),g12galax1ha
12 Club,9,Landshark 12 Black (HA),g12lands1ha
12 Club,9,MAVS 816 12 Regional (HA),g12mavse2ha
12 Club,9,STL Crossfire 12 T1 (GW),g12slcre1gw
12 Club,9,Topeka Saints 12-1 (HA),g12tsnts1ha
12 Club,15,Core STL U12 Navy (GW),g12corsl1gw
12 Club,16,Core STL U12 Carolina (GW),g12corsl2gw
12 Club,17,Eudora Chaos 12U (HA),g11echao1ha
12 Club,17,MAVS KC 12 Regional (HA),g12mavbc4ha
12 Club,19,H2 STL 12 Tx Orange_25_BL (GW),g12h2stl2gw
12 Club,19,Invasion 12-Black (HA),g12invas1ha
12 Club,19,PVA 12 National (HA),g12pvakc2ha
12 Club,22,Tville Smash 12U (GW),g12tsmsh1gw
12 Club,23,MAVS KC 12 Premier (HA),g12mavbc3ha
12 Club,24,DYNASTY 12 - 3 Stripe (HA),g12tmdyn5ha
12 Club,24,MAVS 11 Elite (HA),g11mavbc1ha
12 Club,26,314 VBC 12 Red (GW),g12314vb1gw
12 Club,26,KC Power 11 Mendenhall (HA),g11power1ha
12 Club,26,PAO STL U12 RDA Green (GW),g12paost2gw
12 Club,29,MAVS 816 12 National (HA),g12mavse1ha
12 Club,30,DYNASTY 12 Blue (HA),g12tmdyn2ha
12 Club,31,KC Power 12 Cornelieusen (HA),g12power2ha
12 Club,31,OVC 12-1 (HA),g12ovcmo1ha
12 Club,33,913Athletics 12Black (HA),g12ncath1ha
12 Club,33,Summit VC 12 Black (HA),g12summt1ha
12 Club,33,Zoom 12-1 Michelle (HA),g12gzoom1ha
12 Club,36,BC 12 Navy (HA),g12champ1ha
12 Club,37,Mizuno Club North 12Kirby (HA),g12cnvbc1ha
12 Club,38,314 VBC 12 Navy (GW),g12314vb2gw
12 Club,38,SOAR Volleyball 12-1 (HA),g12shupe1ha
12 Club,40,913Athletics 12White (HA),g12ncath2ha
12 Club,40,DYNASTY 12 Gold (HA),g12tmdyn3ha
12 Club,40,Invasion 12-Blue (HA),g12invas2ha
12 Club,43,Ohana 12U Black (IA),g12ohana1ia
12 Club,44,ATTACK 11-1 (HA),g11attac1ha
12 Club,45,CVA 12U-Nosbisch (IA),g12centl2ia
12 Club,45,Kroll 12-C (HA),g12krollcha
12 Club,47,DYNASTY 12 Adidas (HA),g12tmdyn4ha
12 Club,47,Northland Static 12-1 (HA),g12nosvb1ha
12 Club,47,Ohana 12U Green (IA),g12ohana2ia
12 Club,50,KNVBC U12 Hustle (HA),g12knvbc2ha
12 Club,51,Highlands 12 Black (HA),g12highv1ha
12 Club,52,Neon Aces 12-1 (HA),g12neace1ha
13 Club,1,DYNASTY 12 Black (HA),g12tmdyn1ha
13 Club,2,DYNASTY 13 Gold (HA),g13tmdyn3ha
13 Club,3,CMVBC 13-1 (HA),g13cmvbc1ha
13 Club,3,St Joe STORM 13-1 (HA),g13stjoe1ha
13 Club,5,314 VBC 13 Red (GW),g13314vb1gw
13 Club,5,DYNASTY 13 Blue (HA),g13tmdyn2ha
13 Club,5,MOVA UA 13 GOLD (GW),g13movba1gw
13 Club,5,Tville Smash 13U (GW),g13tsmsh1gw
13 Club,9,MAVS KC 13 National (HA),g13mavbc2ha
13 Club,9,MAVS KC 13 Premier (HA),g13mavbc3ha
13 Club,9,Mineral Area 13 Power (GW),g13minar1gw
13 Club,9,OP2 13-2 (OK),g13op2vb2ok
13 Club,9,PowerPlex 13U Sieck (IA),g13pwrpx1ia
13 Club,9,Topeka Elite 13-1 (HA),g13topel1ha
13 Club,15,KC Power 13 Worsham (HA),g13power2ha
13 Club,16,MAVS 816 13 Premier (HA),g13mavse2ha
13 Club,17,Club Net 13 Premier (DE),g13cnvbc1de
13 Club,17,Midwest Juniors 13-1 (HA),g13mwjrs1ha
13 Club,19,Invasion 13-Black (HA),g13invas1ha
13 Club,19,Ozark Juniors 13 Elite (DE),g13ojvbc1de
13 Club,19,Team Momentum 13 Org (GW),g13tmmom2gw
13 Club,22,Dynasty 13 Gray (HA),g13tmdyn4ha
13 Club,23,OVC 13-1 (HA),g13ovcmo1ha
13 Club,24,Cowley Select 13-1 (HA),g13cselt1ha
13 Club,24,Invasion 13-Blue (HA),g13invas2ha
13 Club,26,CNVKC Mizuno 13CoachIb (HA),g13cnvkc1ha
13 Club,26,Ohana 13U National (IA),g13ohana1ia
13 Club,26,Zoom 13-1 Angie (HA),g13gzoom1ha
13 Club,29,KNVBC 13 Showtime (HA),g13knvbc1ha
13 Club,30,KC Magic 13-1 (HA),g13239cj1ha
13 Club,31,314 VBC  13 Navy (GW),g13314vb2gw
13 Club,31,MAVS KC 13 Regional (HA),g13mavbc4ha
13 Club,33,913Athletics 13Black (HA),g13ncath1ha
13 Club,33,Landshark 13 Black (HA),g13lands1ha
13 Club,33,Topeka Elite 13-2 (HA),g13topel2ha
13 Club,36,Summit VC 13 Blue (HA),g13summt2ha
13 Club,37,PAO STL U13 RDA Black (GW),g13paost1gw
13 Club,38,CNVKC Mizuno 13Neil (HA),g13cnvkc3ha
13 Club,38,Core STL U13 Carolina (GW),g13corsl2gw
13 Club,40,ATTACK 13-1 (HA),g13attac1ha
13 Club,40,DYNASTY 13 - 3 Stripe (HA),g13tmdyn6ha
13 Club,40,SKC 13-1 (HA),g13skcjr1ha
13 Club,43,PVA 13 MOLTEN (HA),g13pvakc3ha
13 Club,44,KC Power 13 Schmidt (HA),g13power4ha
13 Club,45,Mizuno Club North 13Katie (HA),g13cnvbc2ha
13 Club,45,OVC 13-2 (HA),g13ovcmo2ha
13 Club,47,Greater 316 13-1 (HA),g13farha1ha
13 Club,47,Highlands 13 Black (HA),g13highv1ha
13 Club,47,Team Mascoutah VBC 13U (GW),g13tmmsc1gw
13 Club,50,Summit VC 13 Black (HA),g13summt1ha
13 Club,51,DYNASTY 13 Adidas (HA),g13tmdyn5ha
13 Club,52,KC IMPACT 13-1 (HA),g13pivbc1ha
13 Club,52,Ohana 13U Regional (IA),g13ohana2ia
13 Club,54,913Athletics 13White (HA),g13ncath2ha
13 Club,54,KC Legends 13-1 (HA),g13jvabs1ha
13 Club,54,Supreme 13-2 (HA),g13suprm2ha
14 Boys,1,MAVS 14 Red (HA),b14mavsb1ha
14 Boys,2,KC United 14 Navy (HA),b14unvbc1ha
14 Boys,3,MAVS 13 Red (HA),b13mavsb1ha
14 Boys,3,MAVS 14 White (HA),b14mavsb2ha
14 Boys,5,Ozark Boys 14 (DE),b14ojvbc1de
14 Boys,6,CNVKC Mizuno 14-1 Boys (HA),b14cnvkc1ha
14 Boys,7,KC Power 13 Alisaleh (HA),b13power1ha
14 Boys,7,MAVS 12 Red (HA),b12mavsb1ha
14 Boys,7,River City Jrs 14s Boys (GP),b14rcjrs1gp
14 Club,1,MOVA UA 14  GOLD (GW),g14movba1gw
14 Club,2,MAVS 13 Elite (HA),g13mavbc1ha
14 Club,3,DYNASTY 14 Blue (HA),g14tmdyn2ha
14 Club,3,Pohaku 13-1 (HA),g13pohak1ha
14 Club,5,Core STL U14 Navy (GW),g14corsl1gw
14 Club,5,CVA 14U-Rinehart (IA),g14centl1ia
14 Club,5,DYNASTY 13 Black (HA),g13tmdyn1ha
14 Club,5,Ozark Juniors 14 Mizuno (DE),g14ojvbc1de
14 Club,9,Crossfire 14-1 (NO),g14crsfr1no
14 Club,9,EVA 14 Elite (DE),g14evavb1de
14 Club,9,HP Illinois 14 National (GW),g14hpstl3gw
14 Club,9,KC Power 14 Ayzaguer (HA),g14power3ha
14 Club,9,Lawrence Landshark 14Blac (HA),g14lands1ha
14 Club,9,Mizuno Club North 14CRB (HA),g14cnvbc1ha
14 Club,9,OP2 13-1 Elite (OK),g13op2vb1ok
14 Club,9,PVA 13 ELITE (HA),g13pvakc1ha
14 Club,17,ATTACK 14-1 (HA),g14attac1ha
14 Club,17,KC Power 14 Wells (HA),g14power4ha
14 Club,17,NE D-League 14U (GP),g14ndlvb1gp
14 Club,17,NWAJS 14-1 (DE),g14nwajs1de
14 Club,17,OK Charge 14 UA Tulsa (OK),g14charg4ok
14 Club,17,Summit VC 14 Blue (HA),g14summt2ha
14 Club,23,MAVS KC 14 National (HA),g14mavbc2ha
14 Club,24,Mizuno Club North 13Ang (HA),g13cnvbc1ha
14 Club,25,Team Momentum 14 Navy (GW),g14tmmom1gw
14 Club,26,913Athletics 14Black (HA),g14ncath2ha
14 Club,27,Invasion 14-Blue (HA),g14invas2ha
14 Club,27,OVC 14-1 (HA),g14ovcmo1ha
14 Club,29,Club Net 14 Premier (DE),g14cnvbc1de
14 Club,29,Manhattan Mamba 14-1 (HA),g14mamba1ha
14 Club,29,Ozark Juniors 14 Elite (DE),g14ojvbc2de
14 Club,29,Team Momentum 14 Org (GW),g14tmmom2gw
14 Club,33,CNVKC Mizuno 14Deardin (HA),g14cnvkc1ha
14 Club,33,Pohaku 14-1 (HA),g14pohak1ha
14 Club,33,PowerPlex 14U Farrell (IA),g14pwrpx2ia
14 Club,33,Shockwave 14 Grey (HA),g14shock3ha
14 Club,37,314 VBC 14 Red (GW),g14314vb1gw
14 Club,37,CJV 14 National (DE),g14conwy1de
14 Club,39,KNVBC 14 Crossfire (HA),g14knvbc2ha
14 Club,39,KNVBC 14 Showtime (HA),g14knvbc1ha
14 Club,41,314 VBC  14 Navy (GW),g14314vb2gw
14 Club,41,Core STL U14 Carolina (GW),g14corsl2gw
14 Club,41,MAVS KC 14 Premier (HA),g14mavbc3ha
14 Club,41,MAVS KC 14 Regional (HA),g14mavbc4ha
14 Club,45,DYNASTY 14 Gold (HA),g14tmdyn3ha
14 Club,45,KC Power 14 Stillman (HA),g14power5ha
14 Club,45,KNVBC 14 Topeka Power Red (HA),g14knvbc3ha
14 Club,45,NWAJS 14-2 (DE),g14nwajs2de
14 Club,49,Elite Regional 14-1 (HA),g14evbcs1ha
14 Club,49,Topeka Saints 14-1 (HA),g14tsnts1ha
14 Club,51,573 Missouri Juniors 14 K (HA),g14colee2ha
14 Club,51,KC Force 14 (HA),g14kcfor1ha
14 Club,53,913Athletics 14White (HA),g14ncath3ha
14 Club,53,DYNASTY 14 Adidas (HA),g14tmdyn4ha
14 Club,53,MAVS 816 14 Premier (HA),g14mavse2ha
14 Club,53,North Storm 14-1 (HA),g14nstrm1ha
14 Club,57,Club MVP 14-1 (HA),g14clmvp1ha
14 Club,57,Rise 14's (OK),g14risev1ok
14 Club,57,STL Crossfire 14 R2 (GW),g14slcre5gw
14 Club,60,STL Crossfire 14 T1 (GW),g14slcre1gw
14 Club,60,Wichita Legacy 14-1 (HA),g14devtd1ha
14 Club,62,DreamCatchers 14-1 (OK),g14dream1ok
14 Club,62,MAVS 816 14 Regional (HA),g14mavse3ha
14 Club,64,Midwest Juniors 14-1 (HA),g14mwjrs1ha
14 Club,65,Freedom 14 White (HA),g14freed1ha
14 Club,65,NE D-League 14U Black (GP),g14ndlvb2gp
14 Club,65,OK Charge 13 UA Tulsa (OK),g13charg4ok
14 Club,68,Crossfire 14-2 (NO),g14crsfr2no
14 Club,68,Johnston 14 National (IA),g14jhnsn1ia
14 Club,68,OVC 14-2 (HA),g14ovcmo2ha
14 Club,71,Galaxy 14-1 (HA),g14galax1ha
14 Club,71,KNVBC 14 Topeka Power Blu (HA),g14knvbc4ha
14 Club,73,Landsharks 14 Blue (HA),g14lands2ha
14 Club,73,Mizuno Club North 14So/Ro (HA),g14cnvbc2ha
14 Club,75,BC 14 White (HA),g14champ3ha
14 Club,75,Freedom 14 Blue (HA),g14freed2ha
14 Club,75,Midwest Juniors 14-2 (HA),g14mwjrs2ha
14 Club,75,VAU 14-1 (HA),g14vaunl1ha
14 Club,79,adidas Legacy Jrs 14Black (HA),g14legjr1ha
14 Club,79,Ohana 14U National (IA),g14ohana1ia
14 Club,79,Southland Aces 14-1 Black (HA),g14acesv1ha
14 Club,82,PVA 14 MOLTEN (HA),g14pvakc3ha
14 Club,82,Summit VC 14 White (HA),g14summt3ha
14 Club,84,Club Net 14 National (DE),g14cnvbc2de
14 Club,84,DYNASTY 14 - 3 Stripe (HA),g14tmdyn5ha
14 Club,86,Eclipse KC 14-1 (HA),g14eclps1ha
14 Club,86,Northland Static 14-1 (HA),g14nosvb1ha
14 Club,86,Northland Static 14-2 (HA),g14nosvb2ha
14 Club,86,Ohana 14U Regional (IA),g14ohana2ia
14 Club,90,Eclipse KC 14-2 (HA),g14eclps2ha
14 Club,90,KC ZOOM 14-1 Jamie/Mak (HA),g14zoomk1ha
14 Club,90,STL Crossfire 14 R3 (GW),g14slcre7gw
15 Club,1,DYNASTY 14 Black (HA),g14tmdyn1ha
15 Club,2,EVA 15 Elite (DE),g15evavb1de
15 Club,3,MAVS 816 14 National (HA),g14mavse1ha
15 Club,3,St Joe STORM 15-1 (HA),g15stjoe1ha
15 Club,5,Club MVP 15-1 (HA),g15clmvp1ha
15 Club,5,Electric 15-1 (HA),g15elevb1ha
15 Club,5,Pohaku 15-1 (HA),g15pohak1ha
15 Club,5,PowerPlex 15U Jackson (IA),g15pwrpx1ia
15 Club,9,Arch City 15U (GW),g15archc1gw
15 Club,9,CNVKC Mizuno 15Janell/Ib (HA),g15cnvkc1ha
15 Club,9,Core STL 15 Carolina (GW),g15corsl2gw
15 Club,9,Core STL U15 Navy (GW),g15corsl1gw
15 Club,9,H2 15 UA Longhorns_25_EB (GW),g15h2stl1gw
15 Club,9,KC Power 14 Riggs (HA),g14power2ha
15 Club,9,OP2 14-1 Elite (OK),g14op2vb1ok
15 Club,9,PowerPlex 15U Mueller (IA),g15pwrpx2ia
15 Club,17,785 Volley 15u National (HA),g15volly15ha
15 Club,17,913Athletics 15Black (HA),g15ncath2ha
15 Club,17,AVBA Force 15U (IA),g15w3w8a2ia
15 Club,17,CK Rampage 15 Black (HA),g15ckrmp1ha
15 Club,17,MAVS KC 15 Premier (HA),g15mavbc3ha
15 Club,17,OP2 15-3 (OK),g15op2vb3ok
15 Club,17,Ozark Juniors 15 Elite (DE),g15ojvbc2de
15 Club,17,Summit VC 15 Blue (HA),g15summt2ha
15 Club,25,Rise 15-1's (OK),g15risev1ok
15 Club,26,PVA 15 MOLTEN (HA),g15pvakc3ha
15 Club,27,Club Net 15 Premier (DE),g15cnvbc1de
15 Club,27,KC Force 15 (HA),g15kcfor1ha
15 Club,29,Elite National 15-1 (HA),g15evbcs1ha
15 Club,29,FC United 15 Black (GW),g15frcou1gw
15 Club,29,Johnston 15 National (IA),g15jhnsn1ia
15 Club,29,LJVBC 15-1 (HA),g15lawjr1ha
15 Club,33,DYNASTY 15 Adidas (HA),g15tmdyn5ha
15 Club,33,Manhattan Mamba 15-1 (HA),g15mamba1ha
15 Club,33,MOVA UA 15  GOLD (GW),g15movba1gw
15 Club,33,NWAJS 15-1 (DE),g15nwajs1de
15 Club,37,SKC 15-1 (HA),g15skcjr1ha
15 Club,37,VooDoo VBKC 15-2 (HA),g15voodo2ha
15 Club,39,Dynasty 15 Gray (HA),g15tmdyn4ha
15 Club,39,Mizuno Club North 15Erica (HA),g15cnvbc2ha
15 Club,41,HP South 15 Diamond (GW),g15hpstl9gw
15 Club,41,NWAJS 15-2 (DE),g15nwajs2de
15 Club,41,Ohana 15U National (IA),g15ohana1ia
15 Club,41,OVC 15-1 (HA),g15ovcmo1ha
15 Club,45,MAVS KC 15 Regional (HA),g15mavbc4ha
15 Club,45,Metro 15 Black (HA),g15mprvb1ha
15 Club,45,Topeka Saints 15 Navy (HA),g15tsnts2ha
15 Club,45,WLegacy 15-1 (HA),g15devtd1ha
15 Club,49,314 VBC 15 Navy (GW),g15314vb2gw
15 Club,49,Landsharks 15 Black (HA),g15lands1ha
15 Club,51,417 MoJrs 15 Nat Black (HA),g15netre2ha
15 Club,51,KC Power 15 Lowe (HA),g15power4ha
15 Club,53,DYNASTY 15 Gold (HA),g15tmdyn3ha
15 Club,53,OK Charge 15 Nat'l Tulsa (OK),g15charg7ok
15 Club,53,OK Elevate E.51 (OK),g15elvat1ok
15 Club,53,Shockwave 15 Grey (HA),g15shock3ha
15 Club,57,KNVBC 15 Chaos (HA),g15knvbc1ha
15 Club,57,OVC 15-2 (HA),g15ovcmo2ha
15 Club,57,Team Momentum 15 Org (GW),g15tmmom2gw
15 Club,60,PVA 15 UA (HA),g15pvakc4ha
15 Club,60,STL Crossfire 15 SR1 (GW),g15slcre4gw
15 Club,62,MW Blitz 15-1 (HA),g15mwblz1ha
15 Club,62,STL Crossfire 15 R1 (GW),g15slcre3gw
15 Club,64,CJV 15 National (DE),g15conwy1de
15 Club,64,Freedom 15 Blue (HA),g15freed1ha
15 Club,64,HP South 15 Titanium (GW),g15hpstl10gw
15 Club,64,PAO STL U15 RDA Green (GW),g15paost2gw
15 Club,68,Club Net 15 National (DE),g15cnvbc2de
15 Club,68,Ohana 15U Regional (IA),g15ohana2ia
15 Club,68,OKC Ignite 15-1 (OK),g15ocivb1ok
15 Club,71,913Athletics 15White (HA),g15ncath3ha
15 Club,71,Electric 15-2 (HA),g15elevb2ha
15 Club,73,Midwest Juniors 15-1 (HA),g15mwjrs1ha
15 Club,73,Zoom 15-1 Danielle/Gracie (HA),g15gzoom1ha
15 Club,75,Galaxy 15-1 (HA),g15galax1ha
15 Club,75,KC Dominance 15-1 (HA),g15kcdom1ha
15 Club,75,Summit VC 15 Grey (HA),g15summt4ha
15 Club,75,VAU 15-1 (HA),g15vaunl1ha
15 Club,79,adidas Legacy Jrs 15Black (HA),g15legjr1ha
15 Club,79,BC 15 White (HA),g15champ3ha
15 Club,79,Freedom 15 Red (HA),g15freed2ha
15 Club,82,Invasion 15-White (HA),g15invas3ha
15 Club,82,Summit VC 15 White (HA),g15summt3ha
15 Club,84,Eclipse KC 15-1 (HA),g15eclps1ha
15 Club,84,Eclipse KC 15-2 (HA),g15eclps2ha
15 Club,84,Matrix 15-1 (IA),g15imtrx1ia
15 Club,84,Northland Static 15-1 (HA),g15nosvb1ha
15 Club,84,Northland Static 15-2 (HA),g15nosvb2ha
15 Club,84,Vortex 15 Elite (GW),g15metvx1gw
15 Club,90,CNVKC Mizuno 15Rachel (HA),g15cnvkc2ha
15 Club,90,KC All Stars 15-1 (HA),g15alstr1ha
16 Boys,1,417 Boys 16 National (HA),b16fosbv1ha
16 Boys,2,MAVS 15 Red (HA),b15mavsb1ha
16 Boys,3,CNVKC Mizuno 16-2 Boys (HA),b16cnvkc2ha
16 Boys,3,KC Power 16 McKnight (HA),b16power1ha
16 Boys,5,Johnston 16 Boys Select (IA),b16jhnsn1ia
16 Boys,5,River City Jrs 16s Boys (GP),b16rcjrs1gp
16 Boys,7,MAVS 16 White (HA),b16mavsb2ha
16 Boys,8,MAVS 15 White (HA),b15mavsb2ha
16 Boys,9,Summit VC 16 Boys (HA),b16summt1ha
16 Boys,9,TNVA B16-1 (HA),b16tnvba1ha
16 Boys,11,Alpha Omega Boys 16-1 (HA),b16aovbl1ha
16 Boys,11,CNVKC Mizuno 16-1 Boys (HA),b16cnvkc1ha
16 Club,1,MAVS 15 Elite (HA),g15mavbc1ha
16 Club,2,Rockwood Thunder 15 Elite (GW),g15rwdth1gw
16 Club,3,Mizuno Club North 16Jess (HA),g16cnvbc1ha
16 Club,3,OK Charge 16 National (OK),g16charg2ok
16 Club,5,DYNASTY 15 Blue (HA),g15tmdyn2ha
16 Club,5,KNVBC 16 Showtime (HA),g16knvbc1ha
16 Club,5,Ozark Juniors 15 Mizuno (DE),g15ojvbc1de
16 Club,5,Ozark Juniors 16 Mizuno (DE),g16ojvbc1de
16 Club,9,573 Missouri Juniors 16 A (HA),g16colee1ha
16 Club,9,CJV 16 National (DE),g16conwy1de
16 Club,9,EVA 16 Elite (DE),g16evavb1de
16 Club,9,MAVS 816 15 National (HA),g15mavse1ha
16 Club,9,Mizuno Club North 15Ang (HA),g15cnvbc1ha
16 Club,9,MOVA UA 16 GOLD (GW),g16movba1gw
16 Club,9,NWAJS 16-1 (DE),g16nwajs1de
16 Club,9,Topeka Saints 15 Gold (HA),g15tsnts1ha
16 Club,17,HP South 16 Diamond (GW),g16hpstl7gw
16 Club,17,Invasion 16-Blue (HA),g16invas2ha
16 Club,17,MAVS 816 16 Premier (HA),g16mavse2ha
16 Club,17,Mizuno Club North 16Sale (HA),g16cnvbc2ha
16 Club,17,Ohana 16U National (IA),g16ohana1ia
16 Club,17,OP2 16-2 (OK),g16op2vb2ok
16 Club,23,VooDoo VBKC 16-1 (HA),g16voodo1ha
16 Club,24,KC Ignite 16-1 (HA),g16kcivb1ha
16 Club,25,Club Velocity U16-1 (DE),g16clvel1de
16 Club,25,Team Momentum 16 Navy (GW),g16tmmom1gw
16 Club,27,OVC 16-1 (HA),g16ovcmo1ha
16 Club,27,Summit VC 16 Blue (HA),g16summt2ha
16 Club,27,Topeka Elite 16-1 (HA),g16topel1ha
16 Club,27,WLegacy 16-1 (HA),g16devtd1ha
16 Club,31,KC Power 16 Wessel (HA),g16power4ha
16 Club,31,Manhattan Mamba 16-1 (HA),g16mamba1ha
16 Club,31,TOPEKA FURY 16-1 (HA),g16g15tf1ha
16 Club,34,Club MVP 16-1 (HA),g16clmvp1ha
16 Club,34,ONEVA 16-1 (HA),g16oneva1ha
16 Club,36,DYNASTY 16 Gold (HA),g16tmdyn3ha
16 Club,36,Tulsa Power 16-2 (OK),g16power2ok
16 Club,38,PAO STL U16 RDA Black (GW),g16paost1gw
16 Club,38,Pursuit 16 Elite (GW),g16prsut2gw
16 Club,38,Rise 16-1's (OK),g16risev1ok
16 Club,38,SW Pursuit 16-1 (HA),g16swpvb1ha
16 Club,42,MAVS KC 16 Regional (HA),g16mavbc4ha
16 Club,42,Midwest Juniors 16-1 (HA),g16mwjrs1ha
16 Club,42,Shockwave 16 Grey (HA),g16shock3ha
16 Club,45,OK Elevate E.61 (OK),g16elvat1ok
16 Club,45,Ozark Juniors 16 Elite (DE),g16ojvbc2de
16 Club,47,Apex VB 15-2 (HA),g15apxvb2ha
16 Club,47,PowerPlex 16U Goodwin (IA),g16pwrpx3ia
16 Club,49,314 VBC 16 Navy (GW),g16314vb2gw
16 Club,49,Metro Performance 16-2 (HA),g16mprvb2ha
16 Club,49,PowerPlex 16U Gomez (IA),g16pwrpx2ia
16 Club,49,PVA 16 Molten (HA),g16pvakc3ha
16 Club,53,Central Elite 16U (HA),g16cevbc2ha
16 Club,53,MW Shock 16U Sapphire (GW),g16mwsho1gw
16 Club,53,NWAJS 16-2 (DE),g16nwajs2de
16 Club,56,ACA16BLACK (HA),g16acavb1ha
16 Club,56,KNVBC U16 Xtreme (HA),g16knvbc4ha
16 Club,58,CNVKC Mizuno 16P1Jai/Rey (HA),g16cnvkc2ha
16 Club,58,Invasion 15-Blue (HA),g15invas2ha
16 Club,60,adidas Legacy Jrs 16Black (HA),g16legjr1ha
16 Club,60,Summit VC 16 Black (HA),g16summt1ha
16 Club,60,Vortex 16 Elite (GW),g16metvx1gw
16 Club,60,Zoom 16-1 Calvin (HA),g16gzoom1ha
16 Club,64,Club Net 16 Premier (DE),g16cnvbc1de
16 Club,64,KC Dominance 16-1 (HA),g16kcdom1ha
16 Club,64,Swarm 16 Black (HA),g16swarm1ha
16 Club,67,DYNASTY 16 Adidas (HA),g16tmdyn4ha
16 Club,67,MW Blitz 16-1 (HA),g16mwblz1ha
16 Club,69,913Athletics 16Black (HA),g16ncath2ha
16 Club,69,Highlands 16 Orange (HA),g16highv2ha
16 Club,71,Charge VBC 16-1 (HA),g16chavb1ha
16 Club,71,Club Net 16 National (DE),g16cnvbc2de
16 Club,71,Rise 16-2's (OK),g16risev2ok
16 Club,71,Team Momentum 16 Org (GW),g16tmmom2gw
16 Club,75,Elite Regional 16-2 (HA),g16evbcs2ha
16 Club,75,Metro Heat 16U (HA),g16metro1ha
16 Club,75,Ohana 16U Regional (IA),g16ohana2ia
16 Club,78,TOPEKA FURY 16-2 (HA),g16g15tf2ha
16 Club,78,VooDoo VBKC 16-2 (HA),g16voodo2ha
16 Club,80,ATTACK 16-1 (HA),g16attac1ha
16 Club,80,CNVKC Mizuno 16P2Katie (HA),g16cnvkc3ha
16 Club,82,Dynasty 16 - 3 Stripe (HA),g16tmdyn5ha
16 Club,82,Highlands 16 Black (HA),g16highv1ha
16 Club,82,KC All Stars 16-1 (HA),g16alstr1ha
16 Club,82,Northland Static 16-1 (HA),g16nosvb1ha
17 Club,1,Ozark Juniors 17 Mizuno (DE),g17ojvbc1de
17 Club,2,PowerPlex 17U Wieland (IA),g17pwrpx2ia
17 Club,3,OK Charge 17 National (OK),g17charg2ok
17 Club,3,Rise 17's (OK),g17risev1ok
17 Club,5,KC Power 16 Stout (HA),g16power2ha
17 Club,5,ONEVA 17-1 (HA),g17oneva1ha
17 Club,5,OP2 16-1 Elite (OK),g16op2vb1ok
17 Club,5,PowerPlex 17U Mendoza (IA),g17pwrpx1ia
17 Club,9,417 MoJrs 17 Elite Royal (HA),g17netre2ha
17 Club,9,CJV 17 National (DE),g17conwy1de
17 Club,9,Crushers 17 BOOM (DE),g17critt1de
17 Club,9,DYNASTY 16 Blue (HA),g16tmdyn2ha
17 Club,9,Invasion 16-Black (HA),g16invas1ha
17 Club,9,KNVBC 17 Showtime (HA),g17knvbc1ha
17 Club,9,OK Elevate E.71 (OK),g17elvat1ok
17 Club,9,Topeka Elite 17-1 (HA),g17topel1ha
17 Club,17,573 Missouri Juniors 17 D (HA),g17colee1ha
17 Club,17,CNVKC Mizuno 17Ashley (HA),g17cnvkc1ha
17 Club,17,Invasion 17-Blue (HA),g17invas2ha
17 Club,17,MAVS  816 17 Premier (HA),g17mavse2ha
17 Club,17,MAVS 816 16 National (HA),g16mavse1ha
17 Club,17,Premier Nebraska 17 Silve (GP),g17premr4gp
17 Club,23,MAVS 816 17 National (HA),g17mavse1ha
17 Club,24,Summit VC 17 National (HA),g17summt1ha
17 Club,25,KNVBC U16 Lakers (HA),g16knvbc2ha
17 Club,25,THR33 17-1 (HA),g17101531ha
17 Club,27,417 MoJrs 17 Nat Black (HA),g17netre3ha
17 Club,27,Club Net 17 (DE),g17cnvbc1de
17 Club,27,CNVKC Mizuno 17Molly (HA),g17cnvkc2ha
17 Club,27,Jtown Juniors 17 (DE),g17jtown1de
17 Club,27,KC Power 17 Turner (HA),g17power3ha
17 Club,27,St Joe STORM 17-1 (HA),g17stjoe1ha
17 Club,27,Team Momentum 17 Navy (GW),g17tmmom1gw
17 Club,34,OK Charge South 17-1 (OK),g17charg5ok
17 Club,34,STL Crossfire 17 R1 (GW),g17slcre3gw
17 Club,36,314 VBC 17 Navy (GW),g17314vb2gw
17 Club,36,Elite National 17-1 (HA),g17evbcs1ha
17 Club,38,Club MVP 17-1 (HA),g17clmvp1ha
17 Club,38,MAVS KC 17 Regional (HA),g17mavbc4ha
17 Club,38,TOPEKA FURY 17-1 (HA),g17g15tf1ha
17 Club,38,Zoom 17-1 Khrys/Calvin (HA),g17gzoom1ha
17 Club,42,KNVBC 17 Heat (HA),g17knvbc2ha
17 Club,42,KS Rise 17-1 (HA),g17krise1ha
17 Club,42,Topeka Elite 17-2 (HA),g17topel2ha
17 Club,45,EVA 17 Elite (DE),g17evavb1de
17 Club,45,Ozark Juniors 17 Elite (DE),g17ojvbc2de
17 Club,47,Midwest Juniors 17-1 (HA),g17mwjrs1ha
17 Club,47,SKC 17-1 (HA),g17skcjr1ha
17 Club,49,AAC 17 National (FL),g17amath1fl
17 Club,49,DYNASTY 17 Gold (HA),g17tmdyn3ha
17 Club,49,MOVA UA 17 GOLD (GW),g17movba1gw
17 Club,49,North Storm 17-1 (HA),g17nstrm1ha
17 Club,53,417 MoJrs 17 Nat Royal (HA),g17netre4ha
17 Club,53,Landsharks 17 Black (HA),g17landsfha
17 Club,53,NWAJS 17-1 (DE),g17nwajs1de
17 Club,56,Club Nine 17-1 (HA),g17cnine1ha
17 Club,56,HYPE 17-1 (HA),g17stjom1ha
17 Club,58,Capital Force 17-1 (HA),g17cfvbc1ha
17 Club,58,Vortex 17 Elite (GW),g17metvx1gw
17 Club,60,785 Volley 17u National (HA),g17volly3ha
17 Club,60,Manhattan Mamba 17-1 (HA),g17mamba1ha
17 Club,60,Metro Heat 17U-2 (HA),g17metro2ha
17 Club,60,Salsa (HA),g17salsa1ha
17 Club,60,Summit VC 17 Blue (HA),g17summt2ha
17 Club,60,Summit VC 17 White (HA),g17summt3ha
17 Club,60,Team Momentum 17 Org (GW),g17tmmom2gw
17 Club,67,Ohana 17U National (IA),g17ohana1ia
17 Club,67,Southland Aces 17-1 Black (HA),g17acesv1ha
17 Club,69,STL Crossfire 17 R2 (GW),g17slcre5gw
17 Club,69,TNVA 17-1 (HA),g17tnvba1ha
17 Club,71,MW Blitz 17-2 (HA),g17mwblz2ha
17 Club,71,Ohana 17U Regional (IA),g17ohana2ia
17 Club,71,STL Crossfire 17 SR1 (GW),g17slcre4gw
17 Club,71,Wichita Legacy 17-2 (HA),g17devtd2ha
17 Club,75,GVA 17-1 (HA),g17gvamo1ha
17 Club,75,Metro Heat 17U-1 (HA),g17metro1ha
17 Club,75,TOPEKA FURY 17-2 (HA),g17g15tf2ha
17 Club,78,Highlands 17 Black (HA),g17highv1ha
17 Club,78,Northland Static 17-1 (HA),g17nosvb1ha
17 Club,80,314 VBC 17 White (GW),g17314vb3gw
17 Club,80,Cowley Select 17-1 (HA),g17cselt1ha
17 Club,82,Highlands 17 Orange (HA),g17highv2ha
17 Club,82,KC Dominance 17-1 (HA),g17kcdom1ha
17 Club,82,KC Force 17 (HA),g17kcfor1ha
17 Club,82,STL Crossfire 17 SR2 (GW),g17slcre6gw
17 Club,86,Prime VBC 17U (GW),g17prime1gw
17 Club,86,Summit VC 17 Grey (HA),g17summt4ha
18 American,1,Topeka Saints 18-1 (HA),g18tsnts1ha
18 American,2,Kairos 18 Beta (NO),g18kairo2no
18 American,3,Adrenaline 18 Deb (IA),g18adrva2ia
18 American,3,FSJ 18 (DE),g18fsjvb1de
18 American,5,A5  184 Morgan (SO),g18afive4so
18 American,5,Apex VB 18-1 (HA),g18apxvb1ha
18 American,5,Highlands 18 Black (HA),g18highv1ha
18 American,5,KC Power 18 Mozena (HA),g18power2ha
18 American,9,Alpha Omega 18 Elite (HA),g18aovbl1ha
18 American,9,Dynasty 18 Gold (HA),g18tmdyn3ha
18 American,9,KC Legends 18-1 (HA),g18jvabs1ha
18 American,9,Rockwood Thunder 18 White (GW),g18rwdth3gw
18 American,13,Pohaku 16-1 (HA),g16pohak1ha
18 American,14,Mesa JuniorsVBCO 18 Black (RM),g18mesaj1rm
18 American,15,AAC 18 National (FL),g18amath1fl
18 American,15,NWAJS 18-2 (DE),g18nwajs2de
18 American,17,417 MoJrs 18 Nat Black (HA),g18netre2ha
18 American,17,CJV 18 National (DE),g18conwy1de
18 American,19,DYNASTY 17 Blue (HA),g17tmdyn2ha
18 American,20,KC Voltage 18-1 (HA),g18kcvvb1ha
18 American,21,Northlan Static 18-1 (HA),g18nosvb1ha
18 American,21,TOPEKA FURY 18-1 (HA),g18g15tf1ha
18 American,23,913Athletics 18Black (HA),g18ncath1ha
18 American,23,OK Elevate E.81 (OK),g18elvat1ok
18 American,25,Manhattan Mamba 18-1 (HA),g18mamba1ha
18 American,26,Midwest Juniors 18-1 (HA),g18mwjrs1ha
18 American,27,417 MoJrs 18 Nat Royal (HA),g18netre3ha
18 American,27,Rockwood Thunder 18 Black (GW),g18rwdth4gw
18 American,29,Shockwave 18 Gold (HA),g18shock2ha
18 American,29,Team Momentum 18 Orange (GW),g18tmmom2gw
18 American,31,Storm Juniors 18-1 (HA),g18ljsto1ha
18 American,32,Landshark 18 Black (HA),g18lands1ha
18 American,33,Alpha Omega 18 National (HA),g18aovbl2ha
18 American,33,Ohana 18U Regional (IA),g18ohana2ia
18 American,35,ONEVA 18-1 (HA),g18oneva1ha
18 American,35,ONEVA 18-2 (HA),g18oneva2ha
18 American,37,KS Rise 18-1 (HA),g18krise1ha
18 American,38,CNVKC Mizuno 18Donna (HA),g18cnvkc1ha
18 American,39,18-1 KCE Supreme (HA),g18kcevb1ha
18 American,39,KC TWISTERS 18-1 (HA),g18twist1ha
18 American,41,adidas Legacy Jrs18 Black (HA),g18legjr1ha
18 American,41,STL Crossfire 18 SR1 (GW),g18slcre1gw
18 American,43,MENTALITY 18-1 (HA),g18mentl1ha
18 American,44,Metro Heat 18U (HA),g18metro1ha
18 American,45,OK Elevate E.82 (OK),g18elvat2ok
18 American,45,STATC 18-1 (HA),g18statc1ha
18 Boys,1,MAVS 17 Red (HA),b17mavsb1ha
18 Boys,2,MAVS 16 Red (HA),b16mavsb1ha
18 Boys,3,Ozark Boys 18 (DE),b18ojvbc1de
18 Boys,3,TNVA B18-1 (HA),b18tnvba1ha
18 Boys,5,KC Power 18 AJohnson (HA),b18power1ha
18 Boys,6,River City Jrs 18s Boys (GP),b18rcjrs1gp
18 Boys,7,OK Charge 18 UA Boys (OK),b18charg1ok
18 Boys,8,417 Boys 18 Regional (HA),b18fosbv2ha
18 Boys,8,Dynasty Boys 18 Black (HA),b18tmdyn1ha
18 Boys,8,Manhattan Mayhem 18-1 (HA),b18mmvbc1ha
18 Boys,11,MENTALITY Boys 18-1 (HA),b18mentl1ha
18 Boys,12,KC Power 17 Brewster (HA),b17power1ha
18 Boys,13,Alpha Omega Boys 18-1 (HA),b18aovbl1ha
18 Boys,13,St Joe STORM 18-1 (HA),b18stjoe1ha
18 Boys,15,KC United 17 Red (HA),b17unvbc2ha
18 Boys,16,KC United 18 Red (HA),b18unvbc2ha
18 Boys,17,MAVS 18 White (HA),b18mavsb2ha
18 Boys,18,Dynasty Boys 18 Blue (HA),b18tmdyn2ha
18 Boys,18,Northland Static 18-1 (HA),b18nosvb1ha
18 Boys,18,TNVA B18-2 (HA),b18tnvba2ha
18 Liberty,1,NWAJS 18-1 (DE),g18nwajs1de
18 Liberty,2,OP2 18-1 Elite (OK),g18op2vb1ok
18 Liberty,3,Mizuno Club North 17Mike (HA),g17cnvbc1ha
18 Liberty,4,417 MoJrs 18 Elite (HA),g18netre1ha
18 Liberty,5,A5 183 Scott (SO),g18afive3so
18 Liberty,5,KNVBC 18 Shazam (HA),g18knvbc2ha
18 Liberty,5,Mizuno Club North SWill (HA),g18cnvbc1ha
18 Liberty,5,OK Charge 18 Nat'l Tulsa (OK),g18charg5ok
18 Liberty,9,EVA 18 Elite (DE),g18evavb1de
18 Liberty,10,UEPA 18G (NT),g18untou2nt
18 Liberty,11,MemphisVBAcademy18Red (DE),g18mvbac1de
18 Liberty,11,UEPA 18D (NT),g18untou1nt
18 Liberty,13,501 Volley 18.2 National (DE),g18fmvbc2de
18 Liberty,13,575 VB 18-1 Chanda WS (SO),g18fsfvb1so
18 Liberty,13,BSVBC 18 Black (GW),g18blstl1gw
18 Liberty,13,DYNASTY 18 Blue (HA),g18tmdyn2ha
18 Liberty,17,GJ  18 BAILEY (FL),g18gjvbc1fl
18 Liberty,18,IPVA 18 Black (IA),g18ipvhp1ia
18 Liberty,19,ACA18BLACK (HA),g18acavb1ha
18 Liberty,19,CSA 18 Navy (RM),g18csalt1rm
18 Liberty,21,Iowa United 181 Elite (IA),g18iautd1ia
18 Liberty,21,Ozark Juniors 18 National (DE),g18ojvbc1de
18 Liberty,21,Pohaku 18-1 (HA),g18pohak1ha
18 Liberty,21,Star Aquila 18S (HA),g18pksta18ha
18 Liberty,25,OVC 17-1 (HA),g17ovcmo1ha
18 Liberty,26,Five Star 18 Black (RM),g185star1rm
18 Liberty,27,Elite National 18-1 (HA),g18evbcs1ha
18 Liberty,27,MN Select 18-3 (NO),g18mnsel3no
18 Liberty,29,AEV 18 National (SU),g18aevbc1su
18 Liberty,29,Colorado Elite 18 Grizzly (RM),g18coelt1rm
18 Liberty,29,HP South 18 Premier (GW),g18hpstl3gw
18 Liberty,29,Pratt impact 18-1 (HA),g18prtvb2ha
18 Open,1,Adrenaline 18 Paul (IA),g18adrva1ia
18 Open,2,VCNebraska 18 Elite (GP),g18vcneb1gp
18 Open,3,MAVS 18 Elite (HA),g18mavbc1ha
18 Open,4,KC Power 18 Roschitz (HA),g18power1ha
18 Open,5,PVA 18 ELITE (HA),g18pvakc1ha
18 Open,6,Premier Nebraska 18 Gold (GP),g18premr1gp
18 Open,7,DYNASTY 18 Black (HA),g18tmdyn1ha
18 Open,7,Pohaku 17-1 (HA),g17pohak1ha
18 Open,9,PowerPlex 18U Rodriguez (IA),g18pwrpx1ia
18 Open,10,Kairos 18 Alpha (NO),g18kairo1no
18 Open,11,Club Sand 18 Gold (IM),g18w34ey1im
18 Open,11,MN Select 18-1 (NO),g18mnsel1no
18 Open,13,Flyers 18 USA-JohnM (NT),g18frfly1nt
18 Open,13,GSI 18 Green (FL),g18globl1fl
18 Open,13,MJVA 18 Elite (DE),g18mjvba1de
18 USA,1,Tulsa Power 18-1 (OK),g18power1ok
18 USA,2,MAVS 816 18 National (HA),g18mavse1ha
18 USA,3,501 Volley 18.1 National (DE),g18fmvbc1de
18 USA,4,Premier Nebraska 18 Black (GP),g18premr2gp
18 USA,5,FRVBC 18-1 Black (RM),g18frvbc1rm
18 USA,5,Invasion 17-Black (HA),g17invas1ha
18 USA,7,JAX SKYLINE 18 Royal (FL),g18skyln1fl
18 USA,8,Team Momentum 18 Navy (GW),g18tmmom1gw
18 USA,9,Iowa Impact 181 Elite (IA),g18impct1ia
18 USA,9,TX STORM 18 SMACK (SU),g18txsva1su
18 USA,11,Alliance 18 REN (SO),g18allvb1so
18 USA,11,Nebraska ONE 18 Black (GP),g18neone1gp
18 USA,13,Rockwood Thunder 18 Navy (GW),g18rwdth2gw
18 USA,14,OP2 17-1 Elite (OK),g17op2vb1ok
18 USA,15,HPSTL 18 Royal (GW),g18hpstl1gw
18 USA,15,MN Select 18-2 (NO),g18mnsel2no
18 USA,17,HP Illinois 18 Select (GW),g18hpstl2gw
18 USA,17,KNVBC 18 Showtime (HA),g18knvbc1ha
18 USA,19,CIA 18BLACK (IA),g18clbij1ia
18 USA,20,OK Charge 18 UA Tulsa (OK),g18charg2ok
18 USA,21,DCVA 18-Thelia (SU),g18dcvba1su
18 USA,21,OVC 18-1 (HA),g18ovcmo1ha
18 USA,23,17 CHAOS BLACK (OK),g17chaos1ok
18 USA,23,MOVA UA 18 GOLD (GW),g18movba1gw
